cod_empleado,titulacion,a√±os_experiencia,nombre,direccion
100,tecnico en programacion,4,Constance,gR
101,Ingeniaria en sistemas,5,Chrystel,zy
102,Ingeniaria en sistemas,8,Bobbi,ok
103,Ingeniaria en sistemas,10,Nadine,Qq
104,Ingeniaria en sistemas,2,Minda,Xr
105,Ingeniaria en sistemas,7,Tomasina,Ft
106,Ingeniaria en sistemas,4,Dania,XM
107,tecnico en programacion,10,Jackie,iq
108,tecnico en programacion,1,Althea,Sd
109,tecnico en programacion,10,Kirbee,"f "
110,Ingeniaria en sistemas,6,Alameda,qx
111,tecnico en programacion,5,Cherrita,Tk
112,tecnico en programacion,8,Gaylene,NU
113,Ingeniaria en sistemas,5,Letizia,Wp
114,tecnico en programacion,7,Frank,mI
115,Ingeniaria en sistemas,3,Tiffie,Hi
116,Ingeniaria en sistemas,3,Suzette,xO
117,Ingeniaria en sistemas,5,Suzette,Gl
118,Ingeniaria en sistemas,4,Miquela,iJ
119,Ingeniaria en sistemas,6,Willetta,iX
120,tecnico en programacion,6,Andree,uk
121,Ingeniaria en sistemas,5,Adelle,kq
122,Ingeniaria en sistemas,9,Tabbatha,nf
123,Ingeniaria en sistemas,6,Felice," E"
124,tecnico en programacion,7,Letizia,QW
125,tecnico en programacion,8,Johna,aW
126,tecnico en programacion,9,Wileen,Gq
127,tecnico en programacion,8,Chrystel,Yj
128,tecnico en programacion,10,Kimmy,kO
129,tecnico en programacion,8,Helsa,ia
130,Ingeniaria en sistemas,8,Sam,cZ
131,tecnico en programacion,10,Jordan,Ls
132,Ingeniaria en sistemas,8,Valera,EH
133,Ingeniaria en sistemas,7,Maurene,SR
134,tecnico en programacion,1,Carlie,oN
135,Ingeniaria en sistemas,3,Annecorinne,kS
136,tecnico en programacion,9,Sybille,nN
137,Ingeniaria en sistemas,10,Charissa,wJ
138,tecnico en programacion,6,Leanna,tY
139,Ingeniaria en sistemas,5,Marita,eV
140,Ingeniaria en sistemas,8,Shirlee,sI
141,Ingeniaria en sistemas,2,Wanda,rk
142,tecnico en programacion,5,Dominga,Ow
143,Ingeniaria en sistemas,7,Lucy,FI
144,tecnico en programacion,1,Felice,qB
145,tecnico en programacion,10,Lacie,Yn
146,tecnico en programacion,4,Tami,iS
147,tecnico en programacion,10,Korrie,fm
148,tecnico en programacion,7,Lorenza,HL
149,Ingeniaria en sistemas,10,Julieta,wJ
150,Ingeniaria en sistemas,4,Basia,Fa
151,tecnico en programacion,6,Harmonia,Yt
152,tecnico en programacion,6,Elsie,TX
153,tecnico en programacion,8,Eugine,WR
154,tecnico en programacion,5,Annice,dh
155,Ingeniaria en sistemas,1,Leona,af
156,tecnico en programacion,9,Fernande,GL
157,Ingeniaria en sistemas,10,Sophia,"H "
158,tecnico en programacion,2,Betta,Qs
159,Ingeniaria en sistemas,5,Roseline,gl
160,Ingeniaria en sistemas,10,Cathie,IE
161,tecnico en programacion,3,Nariko,TY
162,Ingeniaria en sistemas,1,Johna,gc
163,tecnico en programacion,1,Eolanda,yh
164,Ingeniaria en sistemas,7,Lily,Bc
165,Ingeniaria en sistemas,10,Sissy,ly
166,tecnico en programacion,10,Lindie,IR
167,tecnico en programacion,3,Gavrielle,SP
168,tecnico en programacion,3,Jackie,bo
169,Ingeniaria en sistemas,6,Lila,Jd
170,Ingeniaria en sistemas,1,Ofilia,fp
171,Ingeniaria en sistemas,2,Pamella,KN
172,tecnico en programacion,8,Justinn,EP
173,Ingeniaria en sistemas,4,Lulita,Cx
174,tecnico en programacion,9,Charlena,eb
175,tecnico en programacion,1,Asia,IR
176,tecnico en programacion,5,Lacie,FO
177,tecnico en programacion,7,Collen,BX
178,tecnico en programacion,2,Elfreda,yA
179,tecnico en programacion,10,Collen,Jm
180,Ingeniaria en sistemas,1,Candy,CA
181,Ingeniaria en sistemas,5,Basia,ov
182,tecnico en programacion,4,Hallie,HL
183,Ingeniaria en sistemas,9,Shannah,vJ
184,tecnico en programacion,6,Darci,qh
185,Ingeniaria en sistemas,4,Margalo,sQ
186,Ingeniaria en sistemas,1,Nollie,"o "
187,tecnico en programacion,8,Dorthy,WQ
188,tecnico en programacion,9,Mallory,Yw
189,tecnico en programacion,5,Elfreda,PD
190,tecnico en programacion,9,Tybie,GZ
191,Ingeniaria en sistemas,6,Genevra,XZ
192,tecnico en programacion,8,Clementine,EC
193,Ingeniaria en sistemas,9,Hannis,hw
194,Ingeniaria en sistemas,10,Tilly,Th
195,Ingeniaria en sistemas,5,Joleen,WS
196,Ingeniaria en sistemas,10,Emmey,Eu
197,Ingeniaria en sistemas,7,Kassey,Eh
198,tecnico en programacion,7,Demetris,Ko
199,tecnico en programacion,4,Merci,RC
200,Ingeniaria en sistemas,9,Viki,QE
201,tecnico en programacion,3,Doralynne,ty
202,Ingeniaria en sistemas,6,Rebeca,tm
203,tecnico en programacion,5,Rosabelle,Ip
204,Ingeniaria en sistemas,3,Gale,Od
205,Ingeniaria en sistemas,10,Belva,Eq
206,Ingeniaria en sistemas,6,Chickie,Br
207,tecnico en programacion,4,Mariele,ve
208,tecnico en programacion,4,Chickie,UN
209,Ingeniaria en sistemas,8,Verla,JT
210,Ingeniaria en sistemas,3,Georgetta,Se
211,Ingeniaria en sistemas,7,Yetty,Zh
212,tecnico en programacion,8,Morganica,uP
213,tecnico en programacion,6,Alejandra," n"
214,Ingeniaria en sistemas,6,Winny,vk
215,Ingeniaria en sistemas,3,Wanda,Bw
216,Ingeniaria en sistemas,7,Gwenneth,Pr
217,tecnico en programacion,8,Jaime,gY
218,tecnico en programacion,4,Ariela,tA
219,Ingeniaria en sistemas,5,Dorthy,RM
220,tecnico en programacion,4,Hayley,Lu
221,Ingeniaria en sistemas,4,Melina,LG
222,tecnico en programacion,6,Emmey,td
223,Ingeniaria en sistemas,1,Lorie,"v "
224,Ingeniaria en sistemas,6,Vevay,uO
225,Ingeniaria en sistemas,6,Gianina,Uv
226,Ingeniaria en sistemas,6,Kerrin,qJ
227,tecnico en programacion,8,Sabina,LL
228,Ingeniaria en sistemas,3,Olivette,dP
229,Ingeniaria en sistemas,9,Adriana,CN
230,Ingeniaria en sistemas,5,Audrie,CD
231,Ingeniaria en sistemas,5,Ekaterina,Fm
232,tecnico en programacion,10,Jolyn,BV
233,Ingeniaria en sistemas,9,Gretal,gO
234,tecnico en programacion,6,Brooks,Ow
235,tecnico en programacion,9,Jany,wg
236,tecnico en programacion,5,Dominga,bn
237,Ingeniaria en sistemas,2,Gertrud,gR
238,tecnico en programacion,3,Alleen,vw
239,tecnico en programacion,3,Noelle,ac
240,tecnico en programacion,8,Zondra,Sb
241,tecnico en programacion,5,Molli,zM
242,tecnico en programacion,4,Carmela,MT
243,tecnico en programacion,2,Nessie,CA
244,Ingeniaria en sistemas,7,Olwen,hh
245,Ingeniaria en sistemas,7,Chrystel,hK
246,Ingeniaria en sistemas,3,Trixi,NO
247,Ingeniaria en sistemas,10,Starla,Vt
248,Ingeniaria en sistemas,2,Kaja,uD
249,tecnico en programacion,3,Gale,Hl
250,Ingeniaria en sistemas,4,Dorthy," u"
251,tecnico en programacion,10,Rani,dr
252,Ingeniaria en sistemas,10,Melanie,ug
253,tecnico en programacion,4,Theodora,Ne
254,Ingeniaria en sistemas,5,Gui,Mt
255,Ingeniaria en sistemas,1,Deane,wJ
256,Ingeniaria en sistemas,9,Flory,is
257,Ingeniaria en sistemas,4,Jessamyn,FO
258,tecnico en programacion,9,Alia,Dk
259,Ingeniaria en sistemas,4,Janeczka,VM
260,tecnico en programacion,2,Leanna,qi
261,tecnico en programacion,8,Lolita,gW
262,tecnico en programacion,7,Aimil,nu
263,Ingeniaria en sistemas,2,Addia,ly
264,tecnico en programacion,9,Thalia,um
265,Ingeniaria en sistemas,9,Millie,zA
266,tecnico en programacion,10,Celestyna,PT
267,tecnico en programacion,1,Maridel,lH
268,tecnico en programacion,4,Rosene,se
269,Ingeniaria en sistemas,5,Gerianna,nG
270,tecnico en programacion,6,Shirlee,am
271,tecnico en programacion,9,Maurene,Wp
272,Ingeniaria en sistemas,10,Lynnea,iY
273,tecnico en programacion,2,Henriette,DQ
274,tecnico en programacion,9,Celestyna,AR
275,tecnico en programacion,3,Sissy,ek
276,tecnico en programacion,2,Marsiella,SL
277,Ingeniaria en sistemas,3,Ardys,aa
278,Ingeniaria en sistemas,4,Merry,tU
279,tecnico en programacion,8,Karlee,Cr
280,tecnico en programacion,9,Lacie,ur
281,Ingeniaria en sistemas,5,Judy,uF
282,Ingeniaria en sistemas,8,Jaime,Cs
283,Ingeniaria en sistemas,5,Rubie,RQ
284,tecnico en programacion,10,Dorthy,Fb
285,tecnico en programacion,10,Brandise,iT
286,Ingeniaria en sistemas,3,Merrie,nB
287,tecnico en programacion,1,Teddie,xr
288,tecnico en programacion,8,Jinny,sx
289,Ingeniaria en sistemas,8,Rosabelle,Tz
290,tecnico en programacion,2,Margette,xX
291,tecnico en programacion,7,Hildegaard,rr
292,Ingeniaria en sistemas,4,Dede,lq
293,tecnico en programacion,5,Joelly,Po
294,Ingeniaria en sistemas,3,Ursulina,tD
295,tecnico en programacion,9,Frank," t"
296,tecnico en programacion,1,Corina,bO
297,Ingeniaria en sistemas,4,Charlena,DL
298,tecnico en programacion,4,Gabi,Ce
299,Ingeniaria en sistemas,7,Ardeen,gS
300,Ingeniaria en sistemas,6,Dotty,yV
301,Ingeniaria en sistemas,8,Jeanna,bo
302,Ingeniaria en sistemas,1,Robinia,XS
303,Ingeniaria en sistemas,7,Margette,OW
304,Ingeniaria en sistemas,8,Starla,oM
305,Ingeniaria en sistemas,8,Livvyy," M"
306,tecnico en programacion,1,Rosabelle,Ij
307,Ingeniaria en sistemas,10,Amara,In
308,Ingeniaria en sistemas,4,Aili,kp
309,Ingeniaria en sistemas,4,Kellen,Oj
310,Ingeniaria en sistemas,9,Tatiania,ep
311,tecnico en programacion,2,Jennica,Bw
312,Ingeniaria en sistemas,3,Augustine,Kk
313,Ingeniaria en sistemas,4,Margalo,aD
314,Ingeniaria en sistemas,5,Elise,tU
315,Ingeniaria en sistemas,6,Lyssa,Pk
316,Ingeniaria en sistemas,6,Kathi,Dg
317,Ingeniaria en sistemas,2,Edee,Jy
318,tecnico en programacion,5,Suzette,NO
319,tecnico en programacion,6,Tina,"y "
320,Ingeniaria en sistemas,3,Andeee,Jc
321,tecnico en programacion,9,Gratia,Dl
322,Ingeniaria en sistemas,8,Marline,HX
323,tecnico en programacion,1,Lorenza,gY
324,tecnico en programacion,1,Alisha,yj
325,Ingeniaria en sistemas,5,Hannis,sw
326,tecnico en programacion,6,Marika,KM
327,Ingeniaria en sistemas,2,Larine,cN
328,tecnico en programacion,3,Frances,da
329,tecnico en programacion,3,Antonietta,LT
330,tecnico en programacion,10,Harrietta,nj
331,Ingeniaria en sistemas,8,Korrie,vM
332,Ingeniaria en sistemas,7,Alia,Pi
333,tecnico en programacion,2,Evaleen,pr
334,tecnico en programacion,5,Anica,oF
335,Ingeniaria en sistemas,2,Loree,qw
336,tecnico en programacion,1,Yetty,ua
337,Ingeniaria en sistemas,2,Mara,Ow
338,tecnico en programacion,5,Carmencita,Ja
339,Ingeniaria en sistemas,4,Brynna,TV
340,Ingeniaria en sistemas,8,Esmeralda,Ng
341,tecnico en programacion,2,Katuscha,YC
342,Ingeniaria en sistemas,1,Kary,fG
343,tecnico en programacion,10,Sissy,uH
344,tecnico en programacion,10,Jaime,gw
345,tecnico en programacion,4,Glynnis,CQ
346,Ingeniaria en sistemas,10,Hettie,Ub
347,tecnico en programacion,3,Nita,YF
348,Ingeniaria en sistemas,9,Brietta,qH
349,tecnico en programacion,1,Calla,Ug
350,Ingeniaria en sistemas,6,Jackie,wG
351,Ingeniaria en sistemas,3,Lucille,tf
352,tecnico en programacion,2,Beverley,"r "
353,tecnico en programacion,1,Dari,KI
354,tecnico en programacion,3,Amelia,My
355,Ingeniaria en sistemas,5,Raquela,mz
356,Ingeniaria en sistemas,4,Concettina,UU
357,Ingeniaria en sistemas,6,Edee,Ka
358,Ingeniaria en sistemas,9,Celene,Lv
359,Ingeniaria en sistemas,7,Elvira,mu
360,tecnico en programacion,8,Tomasina,cM
361,tecnico en programacion,3,Heida,ih
362,Ingeniaria en sistemas,3,Selma,Fm
363,Ingeniaria en sistemas,2,Rivalee,Zt
364,tecnico en programacion,6,Charissa,Ht
365,Ingeniaria en sistemas,2,Florie,ld
366,Ingeniaria en sistemas,2,Silvana,QF
367,tecnico en programacion,1,Millie,Ce
368,tecnico en programacion,10,Elka,op
369,tecnico en programacion,3,Claudina,ch
370,tecnico en programacion,3,Rhoda,IB
371,tecnico en programacion,1,Madalyn,QL
372,tecnico en programacion,5,Sophia,Hn
373,Ingeniaria en sistemas,2,Gavrielle,lf
374,Ingeniaria en sistemas,10,Donetta,sE
375,tecnico en programacion,3,Nelle,XE
376,tecnico en programacion,2,Yetty,gi
377,Ingeniaria en sistemas,3,Sue,Fs
378,tecnico en programacion,10,Stevana,uv
379,tecnico en programacion,10,Yetty,BR
380,Ingeniaria en sistemas,3,Gerrie,tX
381,Ingeniaria en sistemas,5,Roxane,Sb
382,tecnico en programacion,4,Kaja,eV
383,Ingeniaria en sistemas,4,Ronna,ZL
384,tecnico en programacion,6,Kara-Lynn,KU
385,tecnico en programacion,8,Cherilyn,hS
386,Ingeniaria en sistemas,3,Jackie,"c "
387,tecnico en programacion,1,Dale,Le
388,Ingeniaria en sistemas,8,Cathyleen,zs
389,tecnico en programacion,10,Cherilyn,Yr
390,Ingeniaria en sistemas,3,Sharai,LE
391,Ingeniaria en sistemas,7,Adele,KM
392,tecnico en programacion,6,Inga,EJ
393,Ingeniaria en sistemas,3,Cherrita,vx
394,Ingeniaria en sistemas,4,Gwyneth,oI
395,tecnico en programacion,9,Rosabelle,DE
396,Ingeniaria en sistemas,6,Nananne,ZQ
397,tecnico en programacion,2,Kimmy,uS
398,tecnico en programacion,3,Annecorinne,XC
399,Ingeniaria en sistemas,7,Collen,dU
400,Ingeniaria en sistemas,1,Kaja,fY
401,Ingeniaria en sistemas,4,Penelopa,NB
402,tecnico en programacion,5,Beth,Bg
403,tecnico en programacion,2,Ninnetta,PI
404,Ingeniaria en sistemas,6,Ileana,Nu
405,tecnico en programacion,1,Lizzie,Vk
406,tecnico en programacion,2,Shaylyn,py
407,tecnico en programacion,2,Shell,AT
408,tecnico en programacion,5,Larine,XD
409,Ingeniaria en sistemas,1,Rubie,"E "
410,tecnico en programacion,4,Chloris,Qe
411,tecnico en programacion,1,Elsie,wC
412,tecnico en programacion,3,Margalo,uI
413,tecnico en programacion,5,Jackie,fC
414,tecnico en programacion,7,Iseabal,kk
415,Ingeniaria en sistemas,2,Mireielle,BW
416,tecnico en programacion,6,Sheelagh,DZ
417,tecnico en programacion,8,Nelle," j"
418,Ingeniaria en sistemas,8,Deane,uY
419,tecnico en programacion,2,Daphne,fe
420,Ingeniaria en sistemas,3,Sarette,hX
421,tecnico en programacion,5,Larine,ty
422,tecnico en programacion,7,Lynnea,Wo
423,Ingeniaria en sistemas,8,Eadie,"d "
424,Ingeniaria en sistemas,7,Frances,fb
425,Ingeniaria en sistemas,4,Mellicent,Id
426,Ingeniaria en sistemas,3,Sashenka,jJ
427,tecnico en programacion,7,Lesly,MT
428,tecnico en programacion,1,Priscilla,TM
429,Ingeniaria en sistemas,9,Alex,LE
430,Ingeniaria en sistemas,2,Pierette,ZB
431,Ingeniaria en sistemas,1,Jacenta,jT
432,tecnico en programacion,1,Brandise,Dy
433,Ingeniaria en sistemas,2,Nollie,zp
434,Ingeniaria en sistemas,4,Wilma,Is
435,tecnico en programacion,1,Norine,QH
436,Ingeniaria en sistemas,5,Maurene,qE
437,Ingeniaria en sistemas,8,Ofilia,Tm
438,Ingeniaria en sistemas,1,Aryn,eN
439,Ingeniaria en sistemas,3,Kamilah,ta
440,tecnico en programacion,4,Grier,OO
441,tecnico en programacion,8,Vonny,yp
442,Ingeniaria en sistemas,8,Anestassia,Uo
443,Ingeniaria en sistemas,9,Ariela,iE
444,tecnico en programacion,8,Kassey,LH
445,Ingeniaria en sistemas,10,Thalia,jS
446,Ingeniaria en sistemas,1,Ada,EX
447,tecnico en programacion,9,Cindelyn,As
448,Ingeniaria en sistemas,2,Hollie,dg
449,Ingeniaria en sistemas,2,Donnie,cZ
450,tecnico en programacion,3,Lizzie,TD
451,Ingeniaria en sistemas,1,Regina,kP
452,Ingeniaria en sistemas,2,Adele,td
453,tecnico en programacion,1,Ginnie,JV
454,tecnico en programacion,7,Dominga,Rw
455,tecnico en programacion,6,Tonia,xs
456,Ingeniaria en sistemas,6,Susan,iA
457,tecnico en programacion,4,Belinda,Js
458,tecnico en programacion,9,Ada,py
459,tecnico en programacion,9,Hallie,iZ
460,tecnico en programacion,10,Gerianna,ir
461,Ingeniaria en sistemas,5,Ida,qw
462,Ingeniaria en sistemas,10,Kittie,dx
463,Ingeniaria en sistemas,2,Myriam,Dl
464,tecnico en programacion,4,Chrystel,nn
465,Ingeniaria en sistemas,2,Silvana,Lv
466,tecnico en programacion,3,Doralynne,pg
467,tecnico en programacion,4,Bernie,ao
468,Ingeniaria en sistemas,1,Blake,aH
469,Ingeniaria en sistemas,1,Kara-Lynn,ij
470,tecnico en programacion,10,Anallese,Km
471,Ingeniaria en sistemas,5,Viviene,ks
472,tecnico en programacion,7,Pearline,kk
473,Ingeniaria en sistemas,3,Lila,Tz
474,tecnico en programacion,3,Shauna,ba
475,Ingeniaria en sistemas,1,Hermione,TZ
476,Ingeniaria en sistemas,10,Jenilee,rP
477,tecnico en programacion,3,Linet,YP
478,tecnico en programacion,1,Donetta," G"
479,tecnico en programacion,10,Millie,Hs
480,Ingeniaria en sistemas,8,Correy,zE
481,Ingeniaria en sistemas,9,Tersina,Cd
482,Ingeniaria en sistemas,2,Marsiella,GF
483,tecnico en programacion,3,Minda,ax
484,tecnico en programacion,6,Lynde,YH
485,tecnico en programacion,1,Justinn,tr
486,Ingeniaria en sistemas,1,Berta,hW
487,tecnico en programacion,4,Danika,QM
488,tecnico en programacion,4,Carilyn,UQ
489,Ingeniaria en sistemas,3,Delilah,iG
490,Ingeniaria en sistemas,8,Ida,Xb
491,Ingeniaria en sistemas,9,Livvyy,dF
492,tecnico en programacion,7,Minda,ff
493,tecnico en programacion,3,Cherilyn,cE
494,Ingeniaria en sistemas,1,Annabela,Vf
495,tecnico en programacion,4,Aaren,BA
496,Ingeniaria en sistemas,4,Carolina,qL
497,Ingeniaria en sistemas,4,Arlina,MF
498,tecnico en programacion,9,Olwen,Mo
499,Ingeniaria en sistemas,5,Caressa,YJ
500,Ingeniaria en sistemas,4,Donetta,RG
501,Ingeniaria en sistemas,3,Tori,MH
502,Ingeniaria en sistemas,7,Kirbee,mL
503,Ingeniaria en sistemas,2,Chrystel,rb
504,Ingeniaria en sistemas,2,Alejandra,FQ
505,tecnico en programacion,2,Lauryn,sO
506,tecnico en programacion,5,Dede,"e "
507,tecnico en programacion,1,Sashenka,wu
508,Ingeniaria en sistemas,5,Cathie,jU
509,tecnico en programacion,1,Ardeen,zX
510,Ingeniaria en sistemas,8,Jemie,cV
511,Ingeniaria en sistemas,5,Babita,dM
512,Ingeniaria en sistemas,10,Sharai,rv
513,Ingeniaria en sistemas,2,Myriam,oR
514,tecnico en programacion,3,Donnie,Qt
515,Ingeniaria en sistemas,4,Ursulina,gP
516,tecnico en programacion,2,Christy,fi
517,tecnico en programacion,8,Christy," J"
518,Ingeniaria en sistemas,1,Karena,pU
519,tecnico en programacion,3,Kimberley,mX
520,Ingeniaria en sistemas,7,Rori,EU
521,tecnico en programacion,7,Laurene,rV
522,Ingeniaria en sistemas,6,Elise,AE
523,tecnico en programacion,2,Joelly,Zp
524,Ingeniaria en sistemas,10,Sophia,Oy
525,tecnico en programacion,9,Deloria,UT
526,Ingeniaria en sistemas,3,Carol-Jean,Hv
527,Ingeniaria en sistemas,8,Kore,xp
528,Ingeniaria en sistemas,9,Corry,EB
529,tecnico en programacion,4,Emma,kZ
530,Ingeniaria en sistemas,10,Violet,Vz
531,Ingeniaria en sistemas,7,Fernande,Li
532,Ingeniaria en sistemas,4,Modestia,av
533,tecnico en programacion,9,Betta,yR
534,Ingeniaria en sistemas,8,Ericka,he
535,Ingeniaria en sistemas,2,Glynnis,ib
536,Ingeniaria en sistemas,2,Vita,hZ
537,tecnico en programacion,9,Gerrie,uc
538,tecnico en programacion,9,Janenna,Ev
539,tecnico en programacion,3,Beth,qU
540,Ingeniaria en sistemas,2,Carlie,Vt
541,tecnico en programacion,6,Valera,pK
542,tecnico en programacion,3,Therine,oM
543,tecnico en programacion,3,Korrie,Fy
544,tecnico en programacion,10,Stephanie,tk
545,tecnico en programacion,10,Sean,zx
546,tecnico en programacion,3,Frieda,dy
547,tecnico en programacion,6,Regina,Nd
548,Ingeniaria en sistemas,7,Konstance,eL
549,tecnico en programacion,4,Aubrie," M"
550,Ingeniaria en sistemas,2,Karly,Pz
551,tecnico en programacion,4,Hildegaard,Lh
552,tecnico en programacion,8,Sandie,xW
553,tecnico en programacion,3,Chrystel,ze
554,tecnico en programacion,2,Demetris,EO
555,Ingeniaria en sistemas,2,Aeriela,rs
556,tecnico en programacion,1,Fredericka,gS
557,tecnico en programacion,10,Robinia,ZM
558,tecnico en programacion,6,Briney,KS
559,Ingeniaria en sistemas,10,Ann-Marie,Wv
560,Ingeniaria en sistemas,8,Karly,oU
561,tecnico en programacion,2,Bobbi,UU
562,Ingeniaria en sistemas,5,Mariele,Qc
563,Ingeniaria en sistemas,3,Candy,gw
564,Ingeniaria en sistemas,1,Kristan,ud
565,Ingeniaria en sistemas,7,Gabi,oV
566,Ingeniaria en sistemas,4,Mallory,CS
567,tecnico en programacion,9,Concettina,iJ
568,tecnico en programacion,4,Kathi,eL
569,tecnico en programacion,9,Myriam,KZ
570,tecnico en programacion,7,Dorene,iY
571,Ingeniaria en sistemas,3,Margalo,oU
572,Ingeniaria en sistemas,1,Cherilyn,nF
573,tecnico en programacion,4,Bertine,qj
574,tecnico en programacion,7,Marsiella,WJ
575,Ingeniaria en sistemas,7,Catrina,mK
576,tecnico en programacion,2,Kara-Lynn,RW
577,Ingeniaria en sistemas,9,Felice,Cw
578,tecnico en programacion,8,Lucy,Hk
579,tecnico en programacion,4,Zaria,PO
580,tecnico en programacion,9,Vere,DI
581,tecnico en programacion,7,Frieda,Ww
582,Ingeniaria en sistemas,8,Lily,GJ
583,tecnico en programacion,10,Amelia,Rq
584,tecnico en programacion,7,Ariela,gR
585,tecnico en programacion,5,Marleah,gU
586,tecnico en programacion,6,Tabbatha,xF
587,tecnico en programacion,8,Maurene,ML
588,Ingeniaria en sistemas,9,Jasmina,gM
589,tecnico en programacion,9,Emma,bZ
590,tecnico en programacion,5,Marguerite,Gx
591,tecnico en programacion,1,Elfreda,Vt
592,tecnico en programacion,8,Maridel,Se
593,Ingeniaria en sistemas,4,Ottilie,RC
594,tecnico en programacion,10,Christy,xL
595,Ingeniaria en sistemas,6,Doro,mD
596,Ingeniaria en sistemas,5,Halette,Po
597,Ingeniaria en sistemas,7,Tybie,Bi
598,tecnico en programacion,9,Patricia,Xn
599,tecnico en programacion,2,Tabbatha,Ey
600,Ingeniaria en sistemas,4,Wileen,Zm
601,Ingeniaria en sistemas,9,Betta,WH
602,tecnico en programacion,5,Tybie,cu
603,Ingeniaria en sistemas,6,Marylou,"F "
604,tecnico en programacion,3,Gaylene,NO
605,Ingeniaria en sistemas,10,Rhoda,tl
606,Ingeniaria en sistemas,7,Jorry,yh
607,tecnico en programacion,10,Rochette,Vh
608,tecnico en programacion,7,Aeriela,Gk
609,tecnico en programacion,3,Jere,ru
610,Ingeniaria en sistemas,9,Beth,ZC
611,Ingeniaria en sistemas,6,Halette,jM
612,Ingeniaria en sistemas,1,Ginnie," y"
613,Ingeniaria en sistemas,1,Sashenka,AS
614,Ingeniaria en sistemas,9,Aubrie,rF
615,tecnico en programacion,1,Moyna,pf
616,Ingeniaria en sistemas,7,Margarette,Bs
617,Ingeniaria en sistemas,6,Mariann,WX
618,tecnico en programacion,8,Fidelia,HQ
619,tecnico en programacion,4,Florie,iy
620,Ingeniaria en sistemas,8,Zaria,Ga
621,tecnico en programacion,4,Willetta,KR
622,Ingeniaria en sistemas,1,Michaelina,Tx
623,Ingeniaria en sistemas,2,Arabel,Ag
624,Ingeniaria en sistemas,9,Britni,kg
625,tecnico en programacion,6,Amii,Us
626,Ingeniaria en sistemas,9,Danika,SK
627,Ingeniaria en sistemas,2,Stacey,vW
628,tecnico en programacion,10,Karly,mV
629,tecnico en programacion,1,Alia,IE
630,tecnico en programacion,4,Desirae,IZ
631,Ingeniaria en sistemas,10,Larine,EF
632,Ingeniaria en sistemas,8,Gwyneth,rn
633,tecnico en programacion,9,Halette,Mx
634,tecnico en programacion,4,Maisey,OE
635,tecnico en programacion,9,Bill,fj
636,Ingeniaria en sistemas,6,Steffane,uu
637,Ingeniaria en sistemas,6,Codie,wv
638,tecnico en programacion,3,Bernardine,ZW
639,Ingeniaria en sistemas,9,Jaclyn,cD
640,tecnico en programacion,7,Alisha,tW
641,Ingeniaria en sistemas,9,Robbi,lE
642,Ingeniaria en sistemas,6,Meriel,MN
643,tecnico en programacion,5,Jasmina,BX
644,Ingeniaria en sistemas,3,Sue,qG
645,tecnico en programacion,6,Jessy,pd
646,tecnico en programacion,10,Lonnie,Ek
647,tecnico en programacion,9,Kathy,xf
648,Ingeniaria en sistemas,4,Nadine,FL
649,tecnico en programacion,3,Elbertina,yI
650,tecnico en programacion,4,Nicoli,qe
651,Ingeniaria en sistemas,7,Drucie,mb
652,Ingeniaria en sistemas,5,Barbi,Vk
653,Ingeniaria en sistemas,6,Aeriela,Dm
654,tecnico en programacion,5,Juliane,Qb
655,Ingeniaria en sistemas,8,Averyl,ra
656,tecnico en programacion,7,Petronia,cJ
657,tecnico en programacion,9,Adriana,Xr
658,Ingeniaria en sistemas,2,Nessie,hQ
659,Ingeniaria en sistemas,3,Rhea,QC
660,Ingeniaria en sistemas,2,Marita,aW
661,tecnico en programacion,5,Regina,po
662,tecnico en programacion,3,Jasmina,aT
663,tecnico en programacion,10,Dari,KX
664,tecnico en programacion,2,Riannon,tf
665,tecnico en programacion,7,Daryl,oc
666,tecnico en programacion,4,Sherrie,ym
667,tecnico en programacion,10,Maisey,"Y "
668,Ingeniaria en sistemas,5,Ekaterina,eZ
669,Ingeniaria en sistemas,10,Maryellen,ea
670,tecnico en programacion,8,Karena,Tu
671,tecnico en programacion,9,Glynnis,MW
672,Ingeniaria en sistemas,3,Theodora,DR
673,Ingeniaria en sistemas,4,Ottilie,eM
674,Ingeniaria en sistemas,1,Christal,Pj
675,Ingeniaria en sistemas,4,Gaylene,am
676,Ingeniaria en sistemas,5,Mureil,sI
677,tecnico en programacion,6,Marti,UC
678,Ingeniaria en sistemas,3,Audrie,bm
679,Ingeniaria en sistemas,10,Juliane,NC
680,Ingeniaria en sistemas,4,Caressa,nc
681,Ingeniaria en sistemas,1,Michaelina,ju
682,Ingeniaria en sistemas,8,Celene,qg
683,Ingeniaria en sistemas,6,Fredericka,lO
684,Ingeniaria en sistemas,4,Yetty,RN
685,tecnico en programacion,6,Odessa,UX
686,tecnico en programacion,7,Rayna,xI
687,tecnico en programacion,8,Ezmeralda,rZ
688,Ingeniaria en sistemas,10,Selma,uw
689,Ingeniaria en sistemas,6,Di,SS
690,Ingeniaria en sistemas,1,Genevra,rY
691,tecnico en programacion,3,Mureil,Mj
692,tecnico en programacion,6,Regina,tR
693,Ingeniaria en sistemas,1,Kara-Lynn,fj
694,Ingeniaria en sistemas,3,Arlena,JA
695,tecnico en programacion,9,Robinia,jl
696,tecnico en programacion,3,Jacquetta,Tb
697,Ingeniaria en sistemas,3,Sindee,tq
698,tecnico en programacion,5,Neila,TK
699,Ingeniaria en sistemas,4,Verla,bF
700,Ingeniaria en sistemas,4,Farrah,iz
701,Ingeniaria en sistemas,3,Oralee,bX
702,Ingeniaria en sistemas,10,Coral,Ro
703,Ingeniaria en sistemas,4,Kenna,eB
704,Ingeniaria en sistemas,8,Carolina,NL
705,tecnico en programacion,9,Tilly,bc
706,Ingeniaria en sistemas,9,Christal,kQ
707,Ingeniaria en sistemas,8,Merle,WH
708,tecnico en programacion,7,Emilia,cK
709,tecnico en programacion,2,Sibella,iB
710,Ingeniaria en sistemas,5,Maridel,zR
711,Ingeniaria en sistemas,5,Abbie,xh
712,Ingeniaria en sistemas,1,Chere,Wx
713,tecnico en programacion,10,Marinna,Oi
714,tecnico en programacion,10,Ezmeralda,gn
715,Ingeniaria en sistemas,7,Asia,rH
716,tecnico en programacion,5,Madeleine,lx
717,Ingeniaria en sistemas,5,Paule,qE
718,tecnico en programacion,7,Ayn,on
719,tecnico en programacion,6,Carlie,so
720,Ingeniaria en sistemas,8,Lulita,Mc
721,Ingeniaria en sistemas,2,Maisey,jS
722,Ingeniaria en sistemas,8,Agathe,Xw
723,Ingeniaria en sistemas,9,Carly,Dw
724,tecnico en programacion,6,Angelique,YV
725,Ingeniaria en sistemas,8,Petronia,rR
726,Ingeniaria en sistemas,10,Tami,AS
727,tecnico en programacion,9,June,JB
728,tecnico en programacion,8,Andeee,TQ
729,tecnico en programacion,6,Alia,zb
730,tecnico en programacion,3,Helsa,fl
731,Ingeniaria en sistemas,8,Joelly,nU
732,tecnico en programacion,3,Jennica,yZ
733,Ingeniaria en sistemas,2,Rosene,lx
734,Ingeniaria en sistemas,4,Diena,UN
735,Ingeniaria en sistemas,10,Rosabelle,Jp
736,tecnico en programacion,1,Cacilie,uT
737,Ingeniaria en sistemas,2,Ginnie,MI
738,tecnico en programacion,4,Karlee,mq
739,Ingeniaria en sistemas,4,Brynna,hM
740,Ingeniaria en sistemas,10,Phylis,tl
741,tecnico en programacion,9,Jsandye,"W "
742,tecnico en programacion,5,Gabi,KC
743,tecnico en programacion,1,Chickie,sy
744,Ingeniaria en sistemas,4,Janis,qA
745,Ingeniaria en sistemas,3,Brena,BP
746,tecnico en programacion,9,Lorne,oV
747,Ingeniaria en sistemas,5,Harmonia,Sh
748,tecnico en programacion,7,Trudie,sL
749,Ingeniaria en sistemas,3,Doro,xS
750,Ingeniaria en sistemas,7,Anica,xm
751,Ingeniaria en sistemas,2,Genovera,Av
752,Ingeniaria en sistemas,3,Adore,Lg
753,Ingeniaria en sistemas,10,Maridel,CI
754,Ingeniaria en sistemas,4,Tierney,dK
755,tecnico en programacion,8,Jordan,iG
756,tecnico en programacion,7,Elena,et
757,Ingeniaria en sistemas,2,Gui,oC
758,tecnico en programacion,4,Edee,IK
759,Ingeniaria en sistemas,7,Hallie,hD
760,Ingeniaria en sistemas,7,Nyssa,LJ
761,tecnico en programacion,10,June,EG
762,tecnico en programacion,1,Max,ZX
763,tecnico en programacion,2,Elena,ii
764,Ingeniaria en sistemas,7,Emma,cZ
765,Ingeniaria en sistemas,2,Gabi,Px
766,Ingeniaria en sistemas,3,Bettine,hP
767,Ingeniaria en sistemas,9,Elie,DX
768,tecnico en programacion,2,Gui,Ty
769,Ingeniaria en sistemas,5,June,wC
770,tecnico en programacion,8,Alia,oe
771,Ingeniaria en sistemas,1,Paule,jK
772,tecnico en programacion,8,Charissa,rE
773,Ingeniaria en sistemas,5,Emelina,jp
774,tecnico en programacion,4,Emelina,pl
775,Ingeniaria en sistemas,2,Shirlee,bi
776,tecnico en programacion,6,Tarra,cj
777,Ingeniaria en sistemas,4,Sharlene,QC
778,Ingeniaria en sistemas,6,Carlie,CF
779,tecnico en programacion,6,Shandie,OA
780,Ingeniaria en sistemas,4,Malina,kE
781,Ingeniaria en sistemas,7,Lauryn,rW
782,Ingeniaria en sistemas,4,Glynnis,Ca
783,tecnico en programacion,1,Tina,aB
784,tecnico en programacion,2,Roseline,Wp
785,tecnico en programacion,4,Maye,Cv
786,tecnico en programacion,6,Nita,Fu
787,Ingeniaria en sistemas,7,Elie,cV
788,tecnico en programacion,1,Lilith,Pm
789,tecnico en programacion,7,Melisent,iC
790,tecnico en programacion,1,Corina,XA
791,Ingeniaria en sistemas,10,Donetta,"P "
792,Ingeniaria en sistemas,1,Lulita,LQ
793,tecnico en programacion,4,Dyann,zc
794,tecnico en programacion,7,Celene,Xz
795,tecnico en programacion,7,Joane,KQ
796,Ingeniaria en sistemas,3,Mara,Qm
797,Ingeniaria en sistemas,8,Bernie,bK
798,tecnico en programacion,6,Alisha,sU
799,tecnico en programacion,6,Emylee,FS
800,Ingeniaria en sistemas,1,Lorie,OH
801,Ingeniaria en sistemas,10,Kial,"m "
802,tecnico en programacion,4,Belinda,vw
803,tecnico en programacion,5,Valeda,Ok
804,Ingeniaria en sistemas,7,Annora,dQ
805,Ingeniaria en sistemas,8,Jasmina,ds
806,Ingeniaria en sistemas,5,Ermengarde,AV
807,tecnico en programacion,8,Carmela,yM
808,Ingeniaria en sistemas,8,Ellette,TQ
809,tecnico en programacion,1,Bernie,yR
810,Ingeniaria en sistemas,9,Robbi,AE
811,Ingeniaria en sistemas,3,Helsa,FU
812,Ingeniaria en sistemas,6,Elena,cT
813,tecnico en programacion,9,Carolina,pS
814,tecnico en programacion,6,Esmeralda,jR
815,tecnico en programacion,5,Winny,yN
816,Ingeniaria en sistemas,2,Nanete,kd
817,Ingeniaria en sistemas,3,Rayna,KR
818,Ingeniaria en sistemas,6,Therine,bb
819,tecnico en programacion,2,Adele,Mx
820,Ingeniaria en sistemas,2,Maurene,NF
821,tecnico en programacion,7,Madelle,Ef
822,Ingeniaria en sistemas,1,Arabel,wX
823,tecnico en programacion,8,Madelle,Kw
824,tecnico en programacion,2,Dulce,eX
825,Ingeniaria en sistemas,6,Ernesta,zn
826,Ingeniaria en sistemas,1,Marjie,xz
827,Ingeniaria en sistemas,3,Carol-Jean," A"
828,tecnico en programacion,10,Vinita,oh
829,Ingeniaria en sistemas,4,Rosaline,JP
830,Ingeniaria en sistemas,9,Willetta,zY
831,tecnico en programacion,4,Dulce,Ei
832,tecnico en programacion,10,Joane,ZQ
833,Ingeniaria en sistemas,7,Berget,Fn
834,tecnico en programacion,5,Ebonee,Ge
835,Ingeniaria en sistemas,6,Olwen,yb
836,Ingeniaria en sistemas,5,Nerta,Zm
837,tecnico en programacion,1,Romona,OS
838,Ingeniaria en sistemas,2,Ekaterina,lA
839,Ingeniaria en sistemas,7,Helena,XG
840,tecnico en programacion,2,Cherrita,vd
841,tecnico en programacion,7,Verla,Cn
842,Ingeniaria en sistemas,8,Wynne,vR
843,tecnico en programacion,6,Alyssa,hY
844,Ingeniaria en sistemas,2,Lorne,HT
845,Ingeniaria en sistemas,2,Emma,ul
846,tecnico en programacion,10,Tami,js
847,tecnico en programacion,9,Jaime,ty
848,tecnico en programacion,6,Aurelie,CQ
849,Ingeniaria en sistemas,8,Margarette," h"
850,Ingeniaria en sistemas,10,Myriam,xm
851,Ingeniaria en sistemas,6,Margette,JD
852,tecnico en programacion,5,Mady,Pn
853,tecnico en programacion,10,Selia,PU
854,Ingeniaria en sistemas,3,Gratia,JZ
855,Ingeniaria en sistemas,9,Flory,nK
856,tecnico en programacion,4,Marcelline,BL
857,tecnico en programacion,4,Dione,Gt
858,tecnico en programacion,6,Gretal,Ut
859,tecnico en programacion,9,Xylina,ce
860,tecnico en programacion,7,Chastity,XM
861,Ingeniaria en sistemas,5,Christy,ff
862,Ingeniaria en sistemas,10,Cecile,vX
863,Ingeniaria en sistemas,1,Elsie,sJ
864,tecnico en programacion,5,Tybie,Kx
865,Ingeniaria en sistemas,3,Florencia,MO
866,tecnico en programacion,8,Benita,zE
867,tecnico en programacion,1,Modestia,Pu
868,Ingeniaria en sistemas,6,Josephine,cr
869,tecnico en programacion,3,Lexine,qB
870,tecnico en programacion,1,Monika,ew
871,Ingeniaria en sistemas,9,Lucy,tS
872,Ingeniaria en sistemas,9,Marti,ah
873,Ingeniaria en sistemas,10,Cam,qH
874,tecnico en programacion,7,Fred," w"
875,tecnico en programacion,8,Briney,iF
876,tecnico en programacion,6,Damaris,zE
877,Ingeniaria en sistemas,1,Carly,dl
878,tecnico en programacion,4,Marjie,FH
879,tecnico en programacion,9,Rhea,rp
880,tecnico en programacion,9,Leanna,Yx
881,tecnico en programacion,9,Amii,FW
882,Ingeniaria en sistemas,6,Lindie,sa
883,Ingeniaria en sistemas,7,Korrie,KH
884,Ingeniaria en sistemas,7,Patricia,zn
885,Ingeniaria en sistemas,6,Candy,wM
886,tecnico en programacion,2,Elbertina,cV
887,tecnico en programacion,5,Gianina,pt
888,tecnico en programacion,4,Brena,bZ
889,Ingeniaria en sistemas,2,Jemie,nw
890,Ingeniaria en sistemas,1,Allis,qx
891,Ingeniaria en sistemas,10,Shauna,jb
892,Ingeniaria en sistemas,9,Valera,JS
893,tecnico en programacion,4,Alisha,vZ
894,Ingeniaria en sistemas,6,Leona,ed
895,tecnico en programacion,7,Odessa,rF
896,tecnico en programacion,5,Consuela,dJ
897,tecnico en programacion,5,Nerta,Rf
898,tecnico en programacion,5,Mallory,Ip
899,tecnico en programacion,3,Vivia,Hf
900,Ingeniaria en sistemas,7,Viki,jm
901,tecnico en programacion,8,Lanae,bC
902,Ingeniaria en sistemas,1,Joceline,Nt
903,tecnico en programacion,3,Deane,Tg
904,tecnico en programacion,2,Ernesta,TD
905,tecnico en programacion,7,Cassondra,en
906,tecnico en programacion,8,Talya,HH
907,tecnico en programacion,3,Celisse,mP
908,Ingeniaria en sistemas,6,Carlie,xx
909,tecnico en programacion,3,Korrie,cB
910,tecnico en programacion,5,Winifred,Jh
911,Ingeniaria en sistemas,6,Hallie,Fs
912,tecnico en programacion,6,Brandise,fj
913,Ingeniaria en sistemas,6,Angela,KU
914,Ingeniaria en sistemas,5,Natka,AL
915,tecnico en programacion,2,Danika,ZJ
916,Ingeniaria en sistemas,3,Belinda,YS
917,Ingeniaria en sistemas,6,Bertine,DS
918,tecnico en programacion,4,Janeczka,eR
919,tecnico en programacion,4,Kara-Lynn,jF
920,Ingeniaria en sistemas,6,Ayn,JU
921,Ingeniaria en sistemas,4,Raf,eD
922,Ingeniaria en sistemas,7,Rhea,rw
923,tecnico en programacion,2,Dania,Xc
924,tecnico en programacion,1,Dawn,it
925,tecnico en programacion,4,Pierette,Ce
926,Ingeniaria en sistemas,5,Nanete,fv
927,Ingeniaria en sistemas,4,Joceline,YF
928,tecnico en programacion,5,Gilligan,kp
929,Ingeniaria en sistemas,7,Madalyn,qD
930,Ingeniaria en sistemas,5,Laure,SL
931,Ingeniaria en sistemas,5,Chere,GX
932,Ingeniaria en sistemas,3,Elie,rp
933,tecnico en programacion,4,Babita,eY
934,tecnico en programacion,2,Madelle,ri
935,tecnico en programacion,7,Adore,bZ
936,tecnico en programacion,9,Max,Tn
937,tecnico en programacion,5,Ardeen,fs
938,tecnico en programacion,5,Willetta,nP
939,Ingeniaria en sistemas,5,Katuscha,Nk
940,Ingeniaria en sistemas,4,Cathyleen,ta
941,tecnico en programacion,10,Raina,tx
942,tecnico en programacion,1,Gilda,Je
943,tecnico en programacion,2,Ruthe,qz
944,tecnico en programacion,9,Katuscha,TV
945,Ingeniaria en sistemas,4,Gaylene,Vt
946,Ingeniaria en sistemas,3,Agathe,NU
947,tecnico en programacion,5,Celestyna,UL
948,Ingeniaria en sistemas,6,Alyda,Ew
949,tecnico en programacion,5,Augustine,tA
950,Ingeniaria en sistemas,6,Selma,BW
951,tecnico en programacion,10,Blinni,dO
952,tecnico en programacion,5,Elise,Up
953,Ingeniaria en sistemas,9,Ethel,eM
954,Ingeniaria en sistemas,3,Jean," N"
955,Ingeniaria en sistemas,2,Willetta,Yh
956,Ingeniaria en sistemas,7,Maurene,KP
957,tecnico en programacion,10,Ketti,Cw
958,tecnico en programacion,8,Maurene,Wm
959,Ingeniaria en sistemas,1,Celestyna,uU
960,tecnico en programacion,9,Nerta,uY
961,tecnico en programacion,5,Evita,JQ
962,Ingeniaria en sistemas,6,Beth,ZS
963,Ingeniaria en sistemas,7,Lesly,lf
964,Ingeniaria en sistemas,4,Ayn,fI
965,tecnico en programacion,5,Maisey,Jf
966,tecnico en programacion,8,Marika,ok
967,tecnico en programacion,2,Karly,iP
968,tecnico en programacion,5,Angelique,di
969,Ingeniaria en sistemas,4,Nonnah,Oa
970,Ingeniaria en sistemas,1,Dulce,oL
971,tecnico en programacion,3,Elka,Jl
972,tecnico en programacion,2,Annabela,Gz
973,tecnico en programacion,4,Valera,pg
974,Ingeniaria en sistemas,8,Emmey,Pd
975,Ingeniaria en sistemas,7,Daphne,TB
976,Ingeniaria en sistemas,9,Sophia,uP
977,Ingeniaria en sistemas,4,Harmonia,om
978,tecnico en programacion,5,Shandie,Sf
979,Ingeniaria en sistemas,1,Goldie,XY
980,Ingeniaria en sistemas,8,Dari,xn
981,tecnico en programacion,4,Mara,fA
982,Ingeniaria en sistemas,10,Lenna,"J "
983,Ingeniaria en sistemas,2,Rivalee,tq
984,Ingeniaria en sistemas,7,Mara,kB
985,tecnico en programacion,7,Letizia,oY
986,Ingeniaria en sistemas,2,Marika,lm
987,Ingeniaria en sistemas,2,Corly,xm
988,Ingeniaria en sistemas,8,Ileana,dV
989,tecnico en programacion,3,Averyl,pZ
990,tecnico en programacion,8,Feliza,MI
991,tecnico en programacion,8,Florencia,ss
992,tecnico en programacion,8,Roberta,Ir
993,tecnico en programacion,4,Melisent,QE
994,Ingeniaria en sistemas,3,Tami,eV
995,tecnico en programacion,2,Beverley,ol
996,Ingeniaria en sistemas,6,Elora,ek
997,tecnico en programacion,6,Mara,jr
998,tecnico en programacion,3,Deloria,jK
999,Ingeniaria en sistemas,3,Blake,QH
1000,Ingeniaria en sistemas,5,Yvonne,PT
1001,Ingeniaria en sistemas,8,Christal,Hd
1002,tecnico en programacion,9,Carree,eN
1003,tecnico en programacion,7,Ketti,Qc
1004,tecnico en programacion,7,Fredericka,Kg
1005,tecnico en programacion,2,Dacia,HT
1006,Ingeniaria en sistemas,5,Cassondra,Kk
1007,tecnico en programacion,7,Shannah,mA
1008,Ingeniaria en sistemas,9,Edee,kW
1009,tecnico en programacion,3,Iseabal,WY
1010,Ingeniaria en sistemas,8,Alexine,nv
1011,Ingeniaria en sistemas,3,Cam,CH
1012,Ingeniaria en sistemas,6,Andeee,qd
1013,tecnico en programacion,10,Tybie,Dl
1014,Ingeniaria en sistemas,5,Chastity,XV
1015,tecnico en programacion,7,Lanae,ww
1016,Ingeniaria en sistemas,10,Miquela,xT
1017,tecnico en programacion,2,Dennie,yL
1018,tecnico en programacion,7,Amelia,af
1019,tecnico en programacion,2,Cassandra,tM
1020,Ingeniaria en sistemas,6,Janey,Ix
1021,tecnico en programacion,3,Flo," i"
1022,tecnico en programacion,9,Nonnah,Ka
1023,tecnico en programacion,9,Minda,eV
1024,tecnico en programacion,1,Harmonia,GS
1025,Ingeniaria en sistemas,5,Collen,ga
1026,Ingeniaria en sistemas,6,Eve,qw
1027,tecnico en programacion,5,Deane,vw
1028,Ingeniaria en sistemas,4,Quintina,VU
1029,Ingeniaria en sistemas,7,Rebeca,pu
1030,tecnico en programacion,10,Chere,CA
1031,tecnico en programacion,7,Augustine,Hk
1032,tecnico en programacion,6,Merry,on
1033,tecnico en programacion,4,Anthia,Sj
1034,tecnico en programacion,4,Amii,Ol
1035,Ingeniaria en sistemas,7,Stephanie,Yx
1036,Ingeniaria en sistemas,9,Ninnetta,dg
1037,Ingeniaria en sistemas,10,Alex,Rg
1038,tecnico en programacion,4,Blinni,vB
1039,tecnico en programacion,5,Barbara,ho
1040,tecnico en programacion,1,Maridel,th
1041,Ingeniaria en sistemas,4,Charlena,fU
1042,tecnico en programacion,5,Verla,Bp
1043,tecnico en programacion,7,Susette,Pf
1044,tecnico en programacion,8,Chrystel,ZI
1045,tecnico en programacion,4,Demetris,hG
1046,tecnico en programacion,4,Kristina,fn
1047,tecnico en programacion,5,Lucille,Py
1048,Ingeniaria en sistemas,8,Cam,IO
1049,Ingeniaria en sistemas,4,Esmeralda,et
1050,tecnico en programacion,7,Judy,RF
1051,tecnico en programacion,7,Ingrid,UR
1052,tecnico en programacion,8,Florie,dC
1053,tecnico en programacion,4,Dianemarie,Ay
1054,Ingeniaria en sistemas,7,Cathie,nl
1055,tecnico en programacion,6,Constance,Fw
1056,tecnico en programacion,1,Adelle,DZ
1057,Ingeniaria en sistemas,8,Teriann,ZJ
1058,tecnico en programacion,9,Tersina,WA
1059,Ingeniaria en sistemas,5,Babita,tX
1060,Ingeniaria en sistemas,6,Viviene,oy
1061,tecnico en programacion,10,Myriam,HE
1062,tecnico en programacion,5,Ariela,UK
1063,tecnico en programacion,9,Margette,AK
1064,tecnico en programacion,8,Lulita,dk
1065,Ingeniaria en sistemas,9,Sherrie,No
1066,tecnico en programacion,7,Brianna,nX
1067,tecnico en programacion,4,Stevana,Mp
1068,tecnico en programacion,9,Amelia,Mh
1069,Ingeniaria en sistemas,1,Gerrie,AM
1070,Ingeniaria en sistemas,9,Nonnah,lB
1071,tecnico en programacion,8,Cyndie,qv
1072,tecnico en programacion,9,Elora,lJ
1073,Ingeniaria en sistemas,7,Nita,UX
1074,Ingeniaria en sistemas,2,Nonnah,My
1075,tecnico en programacion,4,Beverley,uQ
1076,tecnico en programacion,4,Dode,Af
1077,tecnico en programacion,10,Althea,KN
1078,tecnico en programacion,8,Althea,Mh
1079,Ingeniaria en sistemas,9,Helsa,uw
1080,Ingeniaria en sistemas,3,Danika,ez
1081,Ingeniaria en sistemas,4,Heddie,xp
1082,tecnico en programacion,8,Florencia,sQ
1083,tecnico en programacion,2,Linet,Un
1084,tecnico en programacion,8,Carlie,uN
1085,tecnico en programacion,10,Ulrike,Rt
1086,tecnico en programacion,10,Kaja,JR
1087,tecnico en programacion,8,Kylynn,fT
1088,Ingeniaria en sistemas,8,Shannah,uq
1089,tecnico en programacion,2,Clarice,lF
1090,tecnico en programacion,7,Wileen,mU
1091,tecnico en programacion,5,Abbie,NI
1092,tecnico en programacion,6,Quintina,gl
1093,tecnico en programacion,10,Patricia,Xx
1094,tecnico en programacion,8,Tori,VQ
1095,tecnico en programacion,7,Constance,NG
1096,Ingeniaria en sistemas,4,Marinna,pO
1097,Ingeniaria en sistemas,9,Marika,qo
1098,Ingeniaria en sistemas,9,Ulrike,ek
1099,tecnico en programacion,2,Allyce,SV